date,year,month,SST
1980-01-10,1980,1,25.66571617126465
1980-05-10,1980,5,28.023374557495117
1980-07-10,1980,7,30.232723236083984
1980-10-10,1980,10,29.940448760986328
1981-01-10,1981,1,25.4852294921875
1981-05-10,1981,5,27.896665573120117
1981-07-10,1981,7,29.884254455566406
1981-10-10,1981,10,30.351051330566406
1982-01-10,1982,1,25.592439651489258
1982-05-10,1982,5,26.49468231201172
1982-07-10,1982,7,29.993135452270508
1982-10-10,1982,10,30.507539749145508
1983-01-10,1983,1,24.884782791137695
1983-05-10,1983,5,27.961347579956055
1983-07-10,1983,7,29.9113712310791
1983-10-10,1983,10,29.438961029052734
1984-01-10,1984,1,25.090097427368164
1984-05-10,1984,5,27.651044845581055
1984-07-10,1984,7,29.018301010131836
1984-10-10,1984,10,30.514118194580078
1985-01-10,1985,1,25.7944393157959
1985-05-10,1985,5,27.96466064453125
1985-07-10,1985,7,29.797016143798828
1985-10-10,1985,10,30.198720932006836
1986-01-10,1986,1,25.507408142089844
1986-05-10,1986,5,28.159683227539062
1986-07-10,1986,7,29.434003829956055
1986-10-10,1986,10,30.5695743560791
1987-01-10,1987,1,25.337608337402344
1987-05-10,1987,5,27.22116470336914
1987-07-10,1987,7,29.747610092163086
1987-10-10,1987,10,30.620054244995117
1988-01-10,1988,1,25.767152786254883
1988-05-10,1988,5,27.94432258605957
1988-07-10,1988,7,30.7298526763916
1988-10-10,1988,10,30.242734909057617
1989-01-10,1989,1,25.219097137451172
1989-05-10,1989,5,27.954866409301758
1989-07-10,1989,7,29.233388900756836
1989-10-10,1989,10,30.351491928100586
1990-01-10,1990,1,25.545055389404297
1990-05-10,1990,5,27.795347213745117
1990-07-10,1990,7,30.666645050048828
1990-10-10,1990,10,29.877225875854492
1991-01-10,1991,1,26.20049476623535
1991-05-10,1991,5,27.75564193725586
1991-07-10,1991,7,28.979351043701172
1991-10-10,1991,10,29.353017807006836
1992-01-10,1992,1,24.790443420410156
1992-05-10,1992,5,27.218942642211914
1992-07-10,1992,7,29.948589324951172
1992-10-10,1992,10,30.198156356811523
1993-01-10,1993,1,25.429641723632812
1993-05-10,1993,5,27.762971878051758
1993-07-10,1993,7,30.253807067871094
1993-10-10,1993,10,30.444353103637695
1994-01-10,1994,1,26.167879104614258
1994-05-10,1994,5,28.112350463867188
1994-07-10,1994,7,30.749603271484375
1994-10-10,1994,10,30.44413185119629
1995-01-10,1995,1,25.77634048461914
1995-05-10,1995,5,27.628684997558594
1995-07-10,1995,7,30.548498153686523
1995-10-10,1995,10,31.070213317871094
1996-01-10,1996,1,25.84737205505371
1996-05-10,1996,5,28.936159133911133
1996-07-10,1996,7,30.143239974975586
1996-10-10,1996,10,30.995203018188477
1997-01-10,1997,1,25.941741943359375
1997-05-10,1997,5,27.075916290283203
1997-07-10,1997,7,30.870824813842773
1997-10-10,1997,10,30.279312133789062
1998-01-10,1998,1,25.860000610351562
1998-05-10,1998,5,29.005186080932617
1998-07-10,1998,7,30.331146240234375
1998-10-10,1998,10,30.98422622680664
1999-01-10,1999,1,26.103717803955078
1999-05-10,1999,5,28.553266525268555
1999-07-10,1999,7,30.3548526763916
1999-10-10,1999,10,30.821308135986328
2000-01-10,2000,1,26.128419876098633
2000-05-10,2000,5,28.172285079956055
2000-07-10,2000,7,30.280467987060547
2000-10-10,2000,10,30.68108558654785
2001-01-10,2001,1,25.46462059020996
2001-05-10,2001,5,28.656204223632812
2001-07-10,2001,7,30.987010955810547
2001-10-10,2001,10,30.90140724182129
2002-01-10,2002,1,25.883127212524414
2002-05-10,2002,5,27.727563858032227
2002-07-10,2002,7,30.37449073791504
2002-10-10,2002,10,30.967174530029297
2003-01-10,2003,1,25.962020874023438
2003-05-10,2003,5,28.180463790893555
2003-07-10,2003,7,30.292238235473633
2003-10-10,2003,10,30.514352798461914
2004-01-10,2004,1,26.028493881225586
2004-05-10,2004,5,28.931373596191406
2004-07-10,2004,7,30.254350662231445
2004-10-10,2004,10,30.41202735900879
2005-01-10,2005,1,25.39386558532715
2005-05-10,2005,5,27.963056564331055
2005-07-10,2005,7,30.527040481567383
2005-10-10,2005,10,30.534269332885742
2006-01-10,2006,1,25.888547897338867
2006-05-10,2006,5,28.229475021362305
2006-07-10,2006,7,30.398408889770508
2006-10-10,2006,10,30.875503540039062
2007-01-10,2007,1,25.202316284179688
2007-05-10,2007,5,29.101320266723633
2007-07-10,2007,7,30.721569061279297
2007-10-10,2007,10,30.064598083496094
2008-01-10,2008,1,25.601348876953125
2008-05-10,2008,5,27.755619049072266
2008-07-10,2008,7,30.34208106994629
2008-10-10,2008,10,30.53091049194336
2009-01-10,2009,1,25.719322204589844
2009-05-10,2009,5,27.159624099731445
2009-07-10,2009,7,29.729650497436523
2009-10-10,2009,10,30.471670150756836
2010-01-10,2010,1,26.373271942138672
2010-05-10,2010,5,28.899324417114258
2010-07-10,2010,7,29.964529037475586
2010-10-10,2010,10,31.070329666137695
2011-01-10,2011,1,26.08224868774414
2011-05-10,2011,5,27.69518280029297
2011-07-10,2011,7,29.622655868530273
2011-10-10,2011,10,30.300397872924805
2012-01-10,2012,1,25.71402359008789
2012-05-10,2012,5,28.419971466064453
2012-07-10,2012,7,30.544527053833008
2012-10-10,2012,10,30.57901954650879
2013-01-10,2013,1,25.978281021118164
2013-05-10,2013,5,28.78594970703125
2013-07-10,2013,7,29.775827407836914
2013-10-10,2013,10,30.05243492126465
2014-01-10,2014,1,25.553804397583008
2014-05-10,2014,5,28.31591033935547
2014-07-10,2014,7,30.128948211669922
2014-10-10,2014,10,30.425397872924805
2015-01-10,2015,1,25.715349197387695
2015-05-10,2015,5,28.7655086517334
2015-07-10,2015,7,29.34738540649414
2015-10-10,2015,10,31.05401039123535
2016-01-10,2016,1,25.647571563720703
2016-05-10,2016,5,28.949979782104492
2016-07-10,2016,7,31.06500816345215
2016-10-10,2016,10,31.02660369873047
2017-01-10,2017,1,26.101333618164062
2017-05-10,2017,5,28.754562377929688
2017-07-10,2017,7,30.803035736083984
2017-10-10,2017,10,30.46550941467285
2018-01-10,2018,1,25.818078994750977
2018-05-10,2018,5,28.728513717651367
2018-07-10,2018,7,30.51068687438965
2018-10-10,2018,10,31.30546760559082
2019-01-10,2019,1,26.114614486694336
2019-05-10,2019,5,27.681377410888672
2019-07-10,2019,7,30.86886978149414
2019-10-10,2019,10,31.120134353637695
2020-01-10,2020,1,26.046493530273438
2020-05-10,2020,5,28.364049911499023
2020-07-10,2020,7,30.28241729736328
2020-10-10,2020,10,31.78687858581543
2021-01-10,2021,1,26.643869400024414
2021-05-10,2021,5,29.51609230041504
2021-07-10,2021,7,30.846994400024414
2021-10-10,2021,10,30.581409454345703
2022-01-10,2022,1,26.204858779907227
2022-05-10,2022,5,28.66469383239746
2022-07-10,2022,7,30.535964965820312
2022-10-10,2022,10,31.240478515625
2023-01-10,2023,1,26.192445755004883
2023-05-10,2023,5,28.41390609741211
2023-07-10,2023,7,31.02451515197754
2023-10-10,2023,10,31.700084686279297
